INSERT INTO Provincia VALUES
('AK','Montana'),
('AL','Oregon'),
('AR','SouthDakota'),
('AZ','Vermont'),
('CA','Florida'),
('CO','Kentucky'),
('CT','RhodeIsland'),
('DC','Michigan'),
('DE','Massachusetts'),
('FL','Tennessee'),
('GA','NorthCarolina'),
('HI','Massachusetts'),
('IA','Hawaii'),
('ID','Missouri'),
('IL','Louisiana'),
('IN','Colorado'),
('KS','Florida'),
('KY','Mississippi'),
('LA','Kentucky'),
('MA','NewYork'),
('MD','Colorado'),
('ME','Georgia'),
('MI','Maryland'),
('MN','Georgia'),
('MO','Mississippi'),
('MS','Vermont'),
('MT','Wisconsin'),
('NC','Wisconsin'),
('ND','District of Columbia'),
('NH','Minnesota'),
('NJ','Connecticut'),
('NM','NewMexico'),
('NV','Nebraska'),
('NY','Wyoming'),
('OH','Hawaii'),
('OK','Connecticut'),
('OR','Tennessee'),
('PA','District of Columbia'),
('RI','Connecticut'),
('SC','Louisiana'),
('SD','Colorado'),
('TN','Alaska'),
('TX','Vermont'),
('UT','Massachusetts'),
('VA','SouthDakota'),
('VT','Nevada'),
('WA','Wisconsin'),
('WI','RhodeIsland'),
('WV','Maryland'),
('WY','Vermont'); 

INSERT INTO Pueblo VALUES
('a','Lillianafurt','MI'),
('ab','Waelchimouth','TX'),
('accus','Pacochatown','MD'),
('ad','North Corenehaven','WI'),
('adipi','Mannport','AL'),
('alias','North Keshaunstad','UT'),
('aliqu','North Bradley','NY'),
('amet','Port Santinoland','IA'),
('animi','Wymanstad','OR'),
('aperi','Lake Antone','ME'),
('archi','North Nikkomouth','MS'),
('asper','East Anjali','WV'),
('assum','Port Davonte','TN'),
('at','Hagenesville','WY'),
('atque','North Myrtis','MA'),
('aut','West Mekhiview','MA'),
('autem','Kuhnburgh','TN'),
('beata','New Elyssa','NH'),
('bland','New Drewtown','WA'),
('commo','Hollisfurt','ID'),
('conse','West Edd','KY'),
('corpo','Leuschketown','NC'),
('corru','Wilkinsontown','SC'),
('culpa','Gorczanyfort','VT'),
('cumqu','Lowechester','CO'),
('debit','Makenziefurt','CT'),
('delec','North Kyra','WI'),
('delen','West Marta','MI'),
('deser','South Daniella','NV'),
('dicta','Felixchester','KS'),
('digni','Beatricefurt','ND'),
('disti','Denesikberg','TN'),
('dolor','West Giovanniberg','VA'),
('ducim','Lennieside','DC'),
('ea','Lake Reubenview','MT'),
('eaque','McCulloughbury','IN'),
('earum','Carleebury','MO'),
('eius','East Davontefort','VA'),
('elige','Langworthshire','CO'),
('enim','East Keltonfurt','LA'),
('eos','New Floyberg','IN'),
('error','Powlowskibury','CA'),
('esse','Rueckerborough','UT'),
('est','Port Nikki','IL'),
('et','Kshlerinfurt','HI'),
('eum','Vilmaburgh','MO'),
('eveni','South Judy','MD'),
('ex','New Kiera','IN'),
('excep','Berrymouth','GA'),
('facer','New Hectorfurt','FL'),
('fuga','West Garrett','VA'),
('fugia','Schoenstad','WY'),
('fugit','Goodwinchester','OR'),
('harum','New Doyle','MO'),
('hic','Lake Claudiebury','OH'),
('id','Port Toyshire','PA'),
('imped','Cormierburgh','NH'),
('in','West Brain','PA'),
('inven','Lefflerborough','ID'),
('ipsa','Lake Kolbyland','AK'),
('ipsam','West Moises','AL'),
('ipsum','Lake Don','CO'),
('iste','Bethelchester','WV'),
('itaqu','McClureshire','KS'),
('iusto','East Julianne','CT'),
('labor','Port Nadia','NC'),
('lauda','Lake Margaret','WI'),
('liber','Port Godfreyberg','WA'),
('magna','New Cathrynhaven','HI'),
('magni','Jaclynfort','PA'),
('maior','Port Ottoville','NC'),
('maxim','North Ressie','MT'),
('minus','Muellershire','MD'),
('modi','New Jerome','NJ'),
('moles','Binschester','UT'),
('natus','Corkeryfurt','NM'),
('neces','Goyetteburgh','WI'),
('nemo','Adamsburgh','AR'),
('neque','Port Orlo','VT'),
('nesci','Port Jalen','NJ'),
('nihil','Port Jaron','PA'),
('nisi','Fernefort','LA'),
('nobis','East Daija','NM'),
('non','Lake Taya','NY'),
('nulla','Towneport','CA'),
('numqu','Heathcoteville','MD'),
('occae','East Rebeca','MO'),
('odio','East Christopher','NH'),
('odit','Rosenbaumfort','PA'),
('offic','Cathrynfurt','MA'),
('omnis','East Anderson','DC'),
('optio','New Oceanemouth','IN'),
('perfe','New Marcelino','NH'),
('persp','East Shana','MI'),
('place','Schummchester','VT'),
('porro','Lake Kaileeburgh','RI'),
('possi','North Jettie','TX'),
('provi','Frederikmouth','VA'),
('quae','South Kristofferfurt','MI'),
('quaer','Pfannerstillhaven','CT'),
('quam','New Cathy','LA'),
('quas','West Camillamouth','MN'),
('quasi','Marcustown','VA'),
('qui','Schmidtfurt','NJ'),
('quia','Devinville','OR'),
('quibu','Littelmouth','CT'),
('quide','West Cristal','KY'),
('quis','North Randyfurt','CA'),
('quisq','Christinebury','LA'),
('quo','Johnsmouth','NV'),
('quod','Ondrickaport','FL'),
('quos','Richardberg','IL'),
('ratio','Bennettview','CA'),
('reici','South Christa','WY'),
('repel','Donnieburgh','NM'),
('rerum','Manteburgh','SD'),
('saepe','Barbaramouth','FL'),
('sed','Fritschmouth','DE'),
('sint','Port Tamara','OH'),
('sit','North Loganborough','AZ'),
('sunt','East Wyattfort','LA'),
('susci','Lake Dora','NH'),
('tempo','West Sedrickfurt','OR'),
('tenet','Evangelinemouth','RI'),
('totam','Keelingside','SC'),
('ullam','Juvenalfurt','NM'),
('ut','East Kathrynchester','NM'),
('vel','Lorenton','NV'),
('velit','East Christafort','PA'),
('venia','Keshawnville','ID'),
('verit','Bednarborough','AL'),
('vero','Port Karelle','RI'),
('vitae','New Elyssaborough','ME'),
('volup','Olsonchester','NM'); 

INSERT INTO Cliente VALUES
('1151','Ruben Gutmann','13941 Jayden Centers\nRitchiemouth, UT 47708-1965','19909','excep'),
('1164','Arvilla Yundt','0649 Gutkowski Shore Apt. 641\nLake Curt, NJ 55628','18132','nihil'),
('1176','Ms. Jayda Hand','681 Sporer Tunnel Suite 301\nNew Zackary, DE 44576','30503','natus'),
('1189','Ines Gutkowski','94613 Lubowitz Fords Apt. 867\nElianeview, SD 69123','48215','quaer'),
('1264','Jaylon Dooley DVM','4990 Sarina Shores\nJacobitown, HI 22014','02986','id'),
('1272','Katelynn Marks','091 Hope Fields\nSouth Corenehaven, NC 49349','15636','accus'),
('1273','Kara Cartwright','0014 Reinhold Passage\nEast Kathrynside, VT 15684-8','85702','amet'),
('1301','Rowland Wolff Sr.','3949 Farrell Parkway Apt. 019\nHeathcoteland, DE 68','83976','eaque'),
('1306','Graham Larson II','8935 Tremblay Plains Suite 011\nEast Leo, CT 47039-','45323','quod'),
('1326','Prof. Rowena Dare','767 Daisha Forges\nHermannberg, GA 85685','50741','excep'),
('1343','Dr. Jayne Treutel','955 Fiona Lake Apt. 213\nNorth Lexus, MD 77290-3302','97178','animi'),
('1351','Patricia Haley DDS','2017 Effertz Forge Apt. 116\nLeonorafurt, WV 01618-','72091','eius'),
('1367','Isobel Runolfsson','257 Marley Isle Suite 480\nBradyfort, OH 70271-2439','62462','error'),
('1504','Camilla Cartwright','854 Lois River\nLake Dameonton, GA 63506-6218','75143','elige'),
('1576','Dr. Frankie McCullough III','34098 McCullough Landing Suite 574\nNew Russ, VA 87','30663','quasi'),
('1638','Mckayla Feil','36613 Conn Avenue Apt. 111\nSouth Kathrynemouth, ID','29975','optio'),
('1690','Tracey Zulauf II','661 Grimes Shoal Suite 681\nWest Veronicafurt, OR 0','24467','quide'),
('1706','Samir Hoppe','2344 Senger Passage\nSouth Santosberg, DC 39161','34659','sed'),
('1737','Dexter Steuber','6099 Marguerite Passage Apt. 595\nWest Clementland,','51020','archi'),
('1775','Richie Abshire DDS','0669 Eichmann Shoals Apt. 872\nSouth Ewell, AL 1391','37658','beata'),
('1822','Dr. Annetta Harber','3287 Curt Via Suite 014\nO\'Connelltown, ND 82975','69440','facer'),
('1940','Lavina Cartwright','2089 Cruickshank Run\nSouth Sunnyton, OK 11225','10566','imped'),
('1947','Maxie Schmidt II','13893 Braun Fall Suite 413\nNew Alanna, NC 81953','17962','facer'),
('1958','Mrs. Era Nader','0700 Balistreri Brooks Suite 046\nAbernathybury, IL','32603','neces'),
('1963','Marie Johnson','99299 Sanford Stravenue Suite 841\nSouth Darryl, KS','80098','quisq'),
('1993','Ms. Destiny Dibbert MD','6848 Howe Orchard Suite 266\nDexterton, WV 81885','10533','quisq'),
('2014','Mrs. Sophia Reichel','413 Marvin Loaf\nGarnettchester, SC 44868-7901','60010','ea'),
('2039','Mr. Kevon Hagenes IV','37911 Linda Land Apt. 917\nLake Arturo, AZ 03047-79','84046','dolor'),
('2099','Wilfred Ryan','046 Ashton Spring Suite 827\nAndersonland, PA 60052','83399','error'),
('2171','Ms. Adell Kuvalis','28628 Macie Hollow\nWest Alexandretown, CA 64087-54','79991','optio'),
('2288','Sigmund Boyle','04469 Joannie Valley Apt. 011\nPort Bayleeshire, NV','13787','quaer'),
('2326','Eino Schumm','19643 Johann Rest\nSatterfieldshire, CT 21688','66694','labor'),
('2336','Kayley Tillman','5089 Leuschke Grove Suite 541\nNorth Howard, WV 578','06715','sed'),
('2352','Ms. Corene Blick Sr.','866 Grant Crossing Suite 532\nNew Nikitastad, ME 95','85790','natus'),
('2473','Esta Kozey','851 Hettinger Lodge Suite 826\nEvangelinefort, KY 3','52599','iste'),
('2501','Karl Feeney','4825 Rossie Fords\nEast Willowburgh, WI 16570','14119','verit'),
('2529','Hailee Bailey','3382 Raoul Green\nO\'Keefeshire, MD 52936','90765','esse'),
('2534','Hildegard McGlynn','0195 Jalen Ville Apt. 888\nFritschburgh, OR 80108-3','97085','porro'),
('2574','Shirley Doyle Jr.','6577 Sawayn Stream Apt. 057\nLehnerland, ME 92263','89956','ea'),
('2653','Keaton Gibson Jr.','0052 Janessa Route Suite 727\nWest Jayceton, SC 800','52529','neces'),
('2826','Susie Daugherty','5382 Ariel River Apt. 751\nTinahaven, MD 62087-7724','71035','quasi'),
('2855','Fermin Runte','16316 Conroy Junctions Apt. 487\nGoyettemouth, TX 0','92101','liber'),
('2951','Prof. Summer Schulist','262 Goldner Spurs Apt. 584\nMarinahaven, WI 46585','19095','alias'),
('2956','Mr. Roy Carter V','454 Austin Park Suite 545\nVickybury, HI 86150-1187','78846','moles'),
('3040','Dr. Abagail Schimmel','99073 Cody Freeway Apt. 656\nWest Madisyn, CT 01988','58854','modi'),
('3128','Luis Rohan','7429 O\'Conner Fall\nWest Krisville, MT 50656-8380','84611','ipsum'),
('3145','Ramona Boyle','60293 Rutherford Port\nEast Laney, ND 56705','51972','quas'),
('3422','Kira Leuschke','185 Brittany Glens\nPowlowskifurt, MA 40975-5072','01428','vel'),
('3448','Prof. Rollin Larson','34515 Kertzmann Mountains Suite 079\nRicefort, MD 7','83052','autem'),
('3463','Tyrell Funk','6900 Isabel Shores Suite 965\nPort Abeview, VA 6967','45780','autem'),
('3470','Jackie Robel','385 Nikolaus Mount\nShanahanmouth, MA 30602-9746','48879','commo'),
('3525','Jedidiah Purdy','7087 Cesar Trace\nEast Ledaborough, IA 83626','79534','nemo'),
('3663','Mr. Santos Tillman MD','420 Tevin Knoll Apt. 230\nSouth Groverview, WI 0596','72602','id'),
('3732','Prof. Ian Jacobi','07283 Rachael Pike\nLake Bryce, SC 98444','64761','excep'),
('3769','Federico Dooley','94173 Annabelle Bridge\nLonnymouth, GA 43020-8086','74594','nemo'),
('3801','Coy Morissette','63645 Lind Course Apt. 108\nWuckertfurt, SC 03824-0','10487','quod'),
('3922','Prof. Glen McLaughlin','53251 Hayes Knolls Apt. 050\nPerrybury, DE 25799','58570','quas'),
('4004','Shanon Roob','4413 Fritsch Cape\nPort Josefina, OR 88315','70487','est'),
('4035','Keaton Yost MD','469 Stefan Walks\nDanielborough, TX 57575-0981','76367','atque'),
('4043','Dr. Grace Johnston','711 Parker Ramp Suite 437\nSouth Celia, MS 69345-89','96121','debit'),
('4125','Mr. Josue O\'Keefe IV','929 Dorris Mountain\nWittingbury, NE 40472-4159','55777','neces'),
('4126','Drake Harvey MD','99386 Sabina Coves\nRennerview, MA 57485','35792','quibu'),
('4130','Ebba Anderson','909 Eichmann Viaduct\nToneyhaven, GA 98085','54220','repel'),
('4131','Jaime Fay','1510 Gerhold Lodge Apt. 898\nNorth Bo, AR 83893','03434','volup'),
('4147','Julian Hane','999 Keeling Inlet\nBerneicebury, OH 03284-8167','24250','sint'),
('4184','Noemi Schowalter','6858 Cristopher Ferry Apt. 751\nSchowaltermouth, AZ','32051','dolor'),
('4204','Jerod Fadel','71050 Leonie Lake\nWest Wilber, LA 76442-7028','61850','fuga'),
('4250','Rebeka Kassulke','35299 Tia Lake\nDickensmouth, CA 42832','81287','eveni'),
('4267','Jessika Barton','755 Glover Skyway\nSeamusside, CA 99212','93504','commo'),
('4287','Jace Bayer','548 Bashirian Landing Suite 347\nRobinfurt, UT 8921','42542','quod'),
('4305','Mr. Jerad Romaguera PhD','910 Camila Shoals Apt. 225\nHilllstad, NM 38214-582','06163','moles'),
('4367','Lorena Morar III','47613 Jast Ports Suite 574\nKesslerton, OH 66059-84','74868','natus'),
('4428','Jaeden Hilpert V','231 Summer Light Apt. 817\nBeattymouth, AZ 71431','54920','cumqu'),
('4446','Serena Walker','170 Ziemann Lodge Apt. 214\nPadbergland, MO 10490-1','28436','quae'),
('4486','Joannie Bogan','6438 Elizabeth River Suite 244\nJedview, AZ 16516-6','06006','place'),
('4534','Montana Walter','4031 Meaghan Summit\nEast Scot, IA 79577-3549','08706','archi'),
('4540','Prof. Kayla Hartmann V','8128 Padberg Heights Apt. 728\nNorth Gerardtown, ND','48736','quo'),
('4586','Prof. Dalton Willms','193 William Rapids\nBednarport, UT 85727','84171','perfe'),
('4616','Meggie Reichel','73808 Brook Knolls Apt. 371\nBulahborough, HI 58088','72440','ipsum'),
('4632','Bobbie Kshlerin','44886 Lindgren Spurs Suite 626\nEast Dina, ND 45984','31897','rerum'),
('4637','Maryam Kshlerin II','53889 Kellen Tunnel\nSkyebury, SD 82176','17159','odio'),
('4663','Reina Kessler','5169 Aditya Vista\nNew Micahmouth, AZ 82642-5201','71227','maxim'),
('4706','Ellis Emmerich','98199 Franecki Terrace\nEast Bartholomechester, NH ','58648','omnis'),
('4821','Rae Prohaska','628 Kyler Inlet Suite 062\nEast Gregoria, ID 77433','40427','deser'),
('4889','Felipa DuBuque','37580 Jamie Plain Suite 305\nViolaport, NH 24087','03184','adipi'),
('4906','Eduardo Wiegand IV','1053 Morgan Inlet Suite 411\nRempelhaven, IN 59610','21361','offic'),
('4930','Prof. Kenyon Osinski DDS','08272 Buckridge Ridge\nJohnsmouth, PA 99762','92167','animi'),
('5079','Lucius Casper IV','3386 Macejkovic Crossroad\nNew Tyramouth, TX 02539-','16900','sint'),
('5189','Lindsey Feeney','0575 Flatley Squares Apt. 488\nHartmannton, CT 6119','82628','enim'),
('5204','Mr. Chaz Greenholt','96371 Kling Flats\nAmparoborough, PA 15971-4289','33174','cumqu'),
('5241','Mr. Kenyon Weissnat DVM','950 Fisher Trail Apt. 954\nNew Khalidtown, RI 49621','42651','in'),
('5281','Dr. Rozella Walsh','968 Wisoky Spur\nPort Kathlynburgh, DC 25575-4921','54099','fuga'),
('5313','Sylvan Sawayn','686 Ernser Tunnel Suite 987\nProsaccochester, CO 02','35032','volup'),
('5320','Russel Ziemann','319 Thalia Shoals Apt. 706\nLake Roxanne, TN 31484-','01478','sunt'),
('5328','Ulises Durgan','48800 Marjory Mountains\nSouth Brooke, MN 69432','21116','quo'),
('5341','Federico Brakus PhD','2338 Jules Summit Suite 315\nDanielburgh, HI 66167-','66868','eaque'),
('5346','Kenya Kreiger','8477 Elmore Springs\nSouth Conradview, MN 17411-290','95083','place'),
('5351','Verla Corwin','11340 Dannie Squares Suite 324\nFridaburgh, VT 2089','88745','quas'),
('5425','Barrett Nikolaus','8264 Gutkowski Mountains Suite 898\nPort Alfonsomou','34945','in'),
('5462','Madge Johnson','431 Hartmann Common\nEast Paigeton, RI 50580-7005','33900','repel'),
('5491','Prof. Samanta Hammes','709 Aiyana Garden\nSouth Dallastown, VA 40002','29818','liber'),
('5522','Dr. Pattie Roob I','19344 Hertha Ridges\nRonaldofurt, SD 45842','13860','aliqu'),
('5626','Jacinto Cummings','57894 Harris Dale\nLake Harveystad, MD 86921','94903','debit'),
('5652','Gerson Spinka','259 Terry Mill Apt. 332\nNellieton, NM 43714','58662','id'),
('5829','Reese Mueller','1643 O\'Kon Brooks Suite 064\nLake Newell, HI 46315','74056','maxim'),
('5875','Dr. Kaley Schneider','4221 Graham Road Suite 686\nNorth Minerva, CO 61032','68949','itaqu'),
('5900','Euna Toy','3481 Langosh Viaduct Suite 165\nOrtizburgh, SC 0923','05950','provi'),
('5908','Elyse West I','396 Lela Island Suite 330\nLake Crystelmouth, WV 86','65878','natus'),
('5930','Brennan Schinner','5424 Crooks Crescent\nRodriguezhaven, VT 37788','91887','esse'),
('6060','Prof. Domenic Blanda','228 Gladys Cape Apt. 325\nNorth Zaria, RI 39755-928','28851','optio'),
('6162','Nathaniel Koelpin','37259 Lempi Camp\nSouth Darianborough, ND 01849-827','58191','harum'),
('6291','Aliyah Rogahn','4825 Kihn Groves\nDejuanmouth, PA 51248-1165','89693','modi'),
('6305','Cathryn Powlowski','937 Jameson Radial\nNorth Tarynstad, MA 41938-8182','51881','delec'),
('6329','Delphia Harvey','748 Alvena Extensions Apt. 451\nWest Karianeport, U','85439','cumqu'),
('6339','Mr. Toni Little','2738 Raoul Wells Apt. 655\nRathland, MN 61024-2342','51434','quis'),
('6454','Gunnar Rodriguez','210 Runolfsson Mews Apt. 907\nPort Burdetteside, MD','86610','quasi'),
('6481','Rick Ebert','368 Kling Stravenue\nMertzmouth, DE 57058-4710','78104','aperi'),
('6634','Prof. Judson Barrows','7396 Bert Shores\nFeestside, HI 72919-1269','35548','natus'),
('6660','Haylee Pagac','8009 Flossie Path\nEast Bettyeside, KY 56636-8452','97812','liber'),
('6696','Rosemarie Bruen','7334 Carter Street\nPort Gino, KS 76507-4443','17473','est'),
('6697','Laury Wunsch','3217 Priscilla Avenue\nO\'Connerberg, UT 10321','04599','place'),
('6701','Freeman Rutherford DDS','924 Hoyt Estate\nTiffanychester, WA 22774-5516','47927','eum'),
('6845','Elisha Littel','8505 Tromp Plaza\nRauport, MN 66666-8464','21022','tenet'),
('6917','Nya Brakus','7192 Alice Plaza Suite 506\nSouth Providenci, MA 68','06608','nisi'),
('6935','Walter Steuber DVM','83403 Connelly Lakes\nHelgaborough, WI 42870-8513','31354','sint'),
('6948','Prof. Matteo Botsford','36885 Yundt Burgs\nNew Cheyanneberg, NJ 68074','37617','quos'),
('7110','Ova Yundt DDS','5777 Cristobal Vista Apt. 957\nEast Fredaville, MN ','89262','et'),
('7139','Tomas Friesen','46310 Tia Rapids\nBrownfort, WY 97906-9956','37258','aut'),
('7219','Prof. Tyra Windler Jr.','45874 Blick Springs\nEdisonton, TN 94593','17667','quam'),
('7222','Christine Rolfson','6541 Pattie Extensions Suite 250\nWest Moriahmouth,','60599','adipi'),
('7280','Vern McGlynn II','887 Ritchie Parks Suite 989\nWest Ariannaburgh, ID ','37206','beata'),
('7307','Bobby Beahan III','47946 Pollich Lights\nEast Levi, MT 64854','85703','occae'),
('7335','Lavonne Farrell','36141 Catalina Station\nLeilaniville, PA 57570-7594','35759','tenet'),
('7352','Percival Greenholt','16634 Wolf Inlet Apt. 670\nPacochafort, WA 55592','72993','rerum'),
('7406','Mr. Osborne Murray III','75423 Corbin Stream\nPort Marquis, WI 96290-0758','49658','corru'),
('7521','Janet Legros','88167 Adams Knolls Suite 879\nKutchhaven, NH 15686-','01465','iste'),
('7566','Eryn Lindgren Jr.','8382 Swift Locks Apt. 224\nEast Bufordburgh, VA 356','15697','nisi'),
('7589','Dr. Uriel McKenzie DVM','559 Martina Plain Suite 398\nEast Claudinefurt, WY ','88940','nisi'),
('7642','Prof. Marcus Casper I','149 Geovanny Port\nConsidineborough, WI 41254','38921','animi'),
('7649','Susan Corwin','6040 Bertha Flat\nDanieltown, OH 15209-4716','73521','excep'),
('7895','Marie Lind','636 Adan Fort Suite 740\nPort Gwendolynfurt, MT 527','02596','inven'),
('7897','Miss Elyse Wehner','1559 Chaim Lodge\nSouth Magdalenatown, WV 80932-949','68596','ullam'),
('7911','Calista Hauck III','69867 McKenzie Mountains Apt. 376\nRohanfort, TX 38','18797','nulla'),
('7936','Molly Kuhlman','486 Graham Drives\nEast Joannieshire, NJ 87617','84677','magni'),
('7943','Vincenzo Kessler','680 Katlyn Highway\nGeoffreymouth, TN 69124','68030','rerum'),
('7965','Tyrique Johnson','426 Mustafa Grove Suite 831\nSchusterbury, TN 16662','57365','neque'),
('7974','Eula Leannon','862 Ophelia Vista\nNorth Donnie, AZ 27847-5528','50795','numqu'),
('7986','Gunner Bechtelar','631 Scarlett Ford\nBalistrerifurt, ND 61023-6863','62625','neces'),
('7993','Mr. Toby Kutch','21134 Fahey Hill\nProsaccoton, CO 77917-9298','25574','porro'),
('8002','Bernadette Kiehn III','888 Keebler Curve\nEast Trycia, ND 07684','84339','neque'),
('8026','Sydni Labadie','613 Crooks Dam Apt. 046\nMcDermottport, DE 21687','11295','numqu'),
('8028','Sabina Stoltenberg','32312 Leannon Inlet\nNorth Isaimouth, OK 39756','78484','earum'),
('8071','Brisa Kozey','51822 Rowan Gateway Apt. 398\nEast Parisfurt, AK 75','79103','beata'),
('8085','Alexandrine Klocko','4069 Kunze Fort Apt. 116\nSouth Christiana, OK 0953','71382','saepe'),
('8273','Dr. Antoinette Schmitt MD','197 Feil Forest\nJordyntown, NM 52215','80864','ut'),
('8291','Finn Monahan II','222 Hoppe Forges\nLake Oren, FL 30466-0578','11858','dolor'),
('8301','Jody Green','64693 Oswald Courts Suite 856\nLake Clintshire, WY ','09506','disti'),
('8331','Marc Raynor','89449 Wintheiser Isle Suite 292\nWest Leechester, M','15270','quia'),
('8356','Liliana Gutmann','444 Doyle Common Apt. 772\nJarodmouth, DC 80896-144','37877','velit'),
('8393','Sincere Stokes','95829 Bashirian Mountains Suite 860\nPort Mozelle, ','58262','quisq'),
('8426','Eloise Bogisich','47647 Breanne Meadows Suite 907\nErwinview, IN 0304','48567','corpo'),
('8491','Royal Stiedemann III','8410 Noemie Cape Suite 029\nSouth Gregory, NM 04331','19288','quis'),
('8534','Edison Murray','1614 Bednar Run Apt. 333\nRodriguezside, NH 59831','18247','inven'),
('8589','Blair Parisian','331 Aniya Drives\nNew Maceymouth, MN 85389-8906','66897','a'),
('8712','Grayson Pacocha Sr.','377 Gorczany Trail\nSydnieville, MA 33873-0765','80109','sit'),
('8726','Grover Predovic','789 Raoul Greens Apt. 123\nShannastad, NV 05000','36761','a'),
('8760','Scarlett King','112 Hyatt Isle Apt. 313\nLake Dee, HI 42572','37225','imped'),
('8775','Mr. Broderick Kassulke','804 Goodwin Parkway Suite 777\nKunzeville, DE 78581','02881','earum'),
('8852','Cheyanne Zboncak','37052 Bertha Fords Suite 602\nAbernathymouth, NJ 57','57166','possi'),
('8957','Arnaldo Grady','67161 Jayce Springs Apt. 092\nMertzton, MA 48534','46545','dicta'),
('9032','Ms. Pearline Dare','09417 Al Vista Apt. 529\nLake Glen, IN 56683-4217','76146','animi'),
('9057','Pat Powlowski','4830 Paige Turnpike Suite 243\nLake Edenfurt, MA 84','72019','ut'),
('9086','Jacques Armstrong DVM','930 Raphaelle Trace\nSouth Ali, WY 60257-2687','24901','sint'),
('9088','Florine Predovic','98241 Kulas Course Apt. 360\nDanielfurt, AZ 25760','57914','odio'),
('9129','Omari Wisozk','2153 Lind Valleys\nJacintomouth, WI 26520-4324','45801','conse'),
('9149','Furman Orn','673 Breanna Station\nEast Rosalindbury, NM 82812-17','04584','excep'),
('9162','Guadalupe Hoeger','79317 Bette Haven Apt. 633\nElverahaven, SD 35057','23217','provi'),
('9187','Miss Kaci Corwin I','6683 Cullen Throughway Apt. 343\nNorth Cortneyberg,','99412','esse'),
('9190','Marina Gulgowski','9076 Tyrel Walks Apt. 004\nPurdyville, IL 21744-050','93887','natus'),
('9227','Ms. Sarah Stroman Jr.','1092 Eriberto Trail\nLake Lily, SC 36675-2063','41533','id'),
('9259','Cordia Harris','33488 Smith Coves\nRomanview, MI 68660-3242','18701','quis'),
('9262','Megane Kessler','71374 Prosacco Cape\nPort Kadin, WV 47129-0089','05746','vel'),
('9439','Keyshawn Parisian','71854 Oliver Forks Suite 799\nFishertown, IN 02910-','22435','earum'),
('9443','Prof. Jacinto Cole','083 Moen Forks\nGrantborough, IN 13543-8658','86725','aliqu'),
('9459','Trinity Robel','6577 Alana Flat\nEast Beatrice, OK 28687-2597','84215','inven'),
('9495','Miss Kelsi Rutherford Sr.','5454 King Keys Suite 852\nRomaguerashire, AZ 81404','37970','susci'),
('9527','Brando Lubowitz','758 Jakob Ridge Suite 746\nEast Immanuelhaven, RI 6','52562','neque'),
('9552','Prof. Elna Funk','9592 Bartoletti Square Apt. 999\nWest Dantestad, OK','93997','et'),
('9603','Mrs. Norene Farrell DVM','419 Adell Keys\nLonieland, NM 05386-2458','64915','quasi'),
('9628','Junius Hamill II','40780 Annamarie Groves\nGrimesfurt, MN 74190','02429','amet'),
('9671','Prof. Adelia Medhurst Sr.','72401 Brakus Parkways\nNew Kimton, NV 84731','43871','corpo'),
('9690','Amari Sporer II','603 Odell Walk Apt. 885\nEast Patrickview, FL 45328','24335','sunt'),
('9789','Hazel Mohr','528 Lehner Harbors Suite 379\nNorth Theodoraton, AK','05433','harum'),
('9840','Dr. Icie Gerhold Sr.','316 Dibbert Ports Suite 492\nStanleybury, KS 52755-','50415','quia'),
('9883','Aditya Spencer','4610 Ward Stream Suite 716\nNorth Gerryside, DE 196','56934','aliqu'),
('9947','Dr. Noemy White Sr.','7736 Beier Road\nNew Eliza, OR 22112-9134','11240','facer'),
('9952','Tyler Hessel','580 Larkin Islands Suite 059\nNew Elwinview, IN 534','46008','est'),
('9979','Dennis Durgan','7483 Adams Walk Suite 563\nRaumouth, MD 07809','24565','magni'),
('9989','Prudence Bergstrom','4859 Ortiz Lane\nDickiburgh, WV 68444','43843','deser'),
('9998','Thalia Waters','60191 Leif Curve Suite 621\nMalachifurt, OH 54087','28747','persp'); 

INSERT INTO Vendedor VALUES
('1428','Amber Upton','0432 Hessel Streets Suite 323\nGardnerview, MD 5306','47300-','quam','1428'),
('1465','Myles Considine','575 Skiles Garden Suite 617\nNickton, CO 80774','68327-','eos','1465'),
('1478','Vance Witting','9192 Fausto Skyway\nPort Aimeeview, VA 40447','77700','nobis','1478'),
('2429','Sonya Shanahan','7151 Dicki Mill\nMertzville, OH 63315-0561','13631-','hic','2429'),
('2596','Cara Muller','17978 Keyon Prairie Apt. 272\nNorth Abigaleborough,','39142-','provi','2596'),
('2881','Miss Keira VonRueden','7752 Satterfield Station\nLake Mossieside, HI 93417','26820','delen','2881'),
('2986','Rebeka Kilback','50120 Beahan Stream Apt. 568\nEast Eltonborough, TN','90986-','moles','2986'),
('3184','Robyn Spencer','525 Jazmyn Skyway\nPhyllisburgh, OK 52251','03322-','atque','3184'),
('3434','Tatum Gorczany','34818 Zulauf Landing Suite 146\nEast Linneaborough,','74227','quo','3434'),
('4584','Alexzander Cummerata','26111 Crooks Ranch\nWest Keonfurt, AZ 77412','90752-','culpa','4584'),
('4599','Reed Treutel','8298 McLaughlin Manor Suite 126\nLake Pascale, HI 7','14413','magna','4599'),
('5433','Prof. Heather Dickinson','529 Efren Gardens\nNorth Jaronville, AL 54072-7698','14566-','est','5433'),
('5746','Terrill Braun','8525 Feest Vista\nLake Dallinstad, AK 95331','03877-','ut','5746'),
('5950','Haskell Kunze','871 Murphy Fields Apt. 200\nSouth Kiel, NE 93288','17311','vel','5950'),
('6006','Mrs. Leonora Fritsch','4470 Rosenbaum Villages\nLoweton, HI 43131-5428','40493','moles','6006'),
('6163','Mrs. Jazlyn Walter','56617 Labadie Terrace Apt. 336\nColetown, MA 87840-','94124-','nihil','6163'),
('6608','Steve Price','85375 Freda Island\nDelphamouth, NE 84911','57594','corru','6608'),
('6715','Haylee Kreiger','8328 Emerson Drive\nWest Simland, IL 40892-8187','04914-','quae','6715'),
('8706','Gordon Gutkowski','536 Prohaska Lakes Suite 782\nRempelberg, WV 13708-','87102','liber','8706'),
('9506','Dr. Sammy Cummerata Jr.','7490 Leuschke Light\nMonahantown, CA 32681-7346','45152-','amet','9506'),
('10487','Bennett Jones','14124 Mariane Wall\nLindgrenshire, ND 23535','78033-','aut','10487'),
('10533','Ursula Ernser','185 Schmeler Points Apt. 056\nMarionmouth, ND 28712','53319','quasi','10533'),
('10566','Michele Gislason','93433 Aletha Rapids Apt. 304\nMertiefurt, ND 96413-','98223','quia','10566'),
('11240','Miss Bethany Corkery','703 Conroy Via\nLake Karlibury, KS 52470-0038','92180-','beata','3434'),
('11295','Bradly Paucek','027 Mellie Mission\nCobychester, DE 71631','98693','earum','11295'),
('11858','Ms. Caroline Auer','381 America Ramp\nLake Kendallburgh, UT 64010','18542','in','3434'),
('13787','Hardy Nienow PhD','62749 Evalyn Pine Apt. 043\nGreenholtview, UT 05834','53617-','animi','13787'),
('13860','Cortney Orn','33395 Terrill Spurs\nAnselside, MA 66073','86634','maior','13860'),
('14119','Alejandrin Ondricka','9451 Zulauf Heights Suite 408\nNorth Maximillia, IL','29969-','archi','14119'),
('15270','Weston Witting','41717 Mraz Walk Apt. 767\nFerryshire, ID 80741','00288','maior','3434'),
('15636','Albina Crist','19218 Bednar Square Suite 413\nKosston, MT 29585','06104-','magna','8706'),
('15697','Dr. Salvatore Lynch V','2299 Geraldine Junction\nLaurelport, WV 28166-8966','94706','quos','15697'),
('16900','Ms. Susanna Ullrich MD','992 Metz Junction\nPort Florineberg, AR 72856','98113-','quod','6006'),
('17159','Lionel Simonis','577 Aleen Crossing\nHyattbury, AL 89334-8229','40444-','beata','17159'),
('17473','Dario Kunde','48929 Dakota Harbor Suite 104\nWillville, NJ 86562','34454-','dolor','17473'),
('17667','Hillary Bogisich','3431 VonRueden Crest\nElzastad, CA 45525','56650-','moles','17667'),
('17962','Angelica Zboncak','07295 Terrance Spur Apt. 787\nGenesisstad, SC 04215','85872-','et','17962'),
('18132','Daphnee Stiedemann','576 Shania Green Suite 232\nKoelpinshire, AR 95156','95685-','quis','18132'),
('18247','Brandyn Goyette','99269 Pearl Court Apt. 380\nMurazikborough, DC 7899','75335-','odit','18247'),
('18701','Mr. Makenna Hermann','14157 Henderson Fall Suite 384\nZellachester, MT 26','68946','conse','18701'),
('18797','Julie Cartwright','552 Daren Bypass Suite 779\nNew Keenanmouth, RI 823','00608-','verit','18797'),
('19095','Dr. Damien Price MD','257 Heidenreich Points\nGleasonland, GA 96115-0562','01998','corru','6006'),
('19288','Rhea Wisozk','361 Connie Ferry\nStehrmouth, CT 49130-9973','01046-','iusto','13860'),
('19909','Prof. Reginald Conn V','717 Leffler Fork Apt. 812\nLake Trycia, NC 76694','39100-','tenet','14119'),
('21022','Prof. Jaime Smitham II','545 Shields Springs\nNew Fanny, SD 02480','89921','autem','21022'),
('21116','Coleman Farrell','7088 Otha Tunnel\nSouth Cathrine, AR 56742-4584','08703-','alias','5433'),
('21361','Viva Brown DDS','3229 Abner Rue\nWeimannberg, WV 89635-6698','29064-','magni','14119'),
('22435','Mr. Arely Hammes Jr.','07582 Rippin Knolls Suite 260\nMavismouth, NC 52858','32888','elige','22435'),
('23217','Miss Loyce Hettinger DVM','8756 Rafael Tunnel Suite 357\nBettyborough, UT 5177','61695-','quia','5433'),
('24250','Michaela Dooley','20015 Keeling Dam Apt. 710\nHellerland, OH 75960-20','93735-','ad','24250'),
('24335','Rosemarie Will','98677 Harvey Mission\nSouth Idell, ME 52041-9654','48205-','eveni','2596'),
('24467','Casandra Morar','668 Elsie Ramp Suite 608\nLake Gerald, MA 01923','35877-','sit','24467'),
('24565','Dr. Benny Bradtke DVM','5128 Veum Bridge Suite 372\nNikolasville, CT 08064-','11949','quibu','2596'),
('24901','Ms. Abbie Kuhlman III','551 Hane Divide Suite 156\nNorth Tyrell, WV 40158','05685-','beata','5433'),
('25574','Ms. Pink Moore Jr.','373 Sauer Cliffs\nWest Shanialand, MS 49677-1568','72148','accus','2596'),
('28436','Ward Kunze','170 Gudrun Parkway Apt. 638\nDandreside, AZ 83311-9','96906-','animi','6006'),
('28747','Uriah Gorczany','583 Theodore Tunnel\nLake Geoffrey, DC 55410','83369','natus','28747'),
('28851','Major Nicolas','69816 Sporer Islands\nEast Feliciaburgh, PA 21987','77141','asper','6006'),
('29818','Mr. Otho Upton V','4681 Sheridan Orchard\nLake Leoborough, RI 13956-81','82261-','neque','2881'),
('29975','Enola Smitham III','00447 Christina Crossroad\nDorianland, CT 86266-155','81857-','occae','29975'),
('30503','Darlene Blick','16758 Emerald Mission\nMackfort, NY 12462','54950','nobis','1428'),
('30663','Alex Luettgen','54229 Tyson Ports\nJosieburgh, UT 03918-5590','36471-','at','30663'),
('31354','Halie Kovacek','332 Bechtelar Drive\nKuhicview, VT 81628','89995','itaqu','31354'),
('31897','Jada Hermiston','905 Jacobi Groves Apt. 836\nMarjorystad, NY 46562-5','61049-','inven','1428'),
('32051','Miss Nyah Herzog PhD','503 Olaf Wells\nLake Marianna, MA 63111','11902','digni','2881'),
('32603','Mr. Benjamin Bradtke DDS','9450 Marvin Loaf\nHerthaville, MS 16931-7631','39464-','porro','2881'),
('33174','Friedrich Hodkiewicz','90595 Kuhn Canyon\nEast Rubie, IL 57150-5854','58559-','vitae','6163'),
('33900','Stephon McLaughlin DVM','2742 Ike Well Apt. 887\nNorth Nathan, VA 55802-6654','58428-','natus','5433'),
('34659','Brandyn Howe','85181 Justina Estate\nCollierfort, TN 69328-7362','53248','magna','34659'),
('34945','Leonor Stroman','85705 Hettinger Tunnel Apt. 058\nBaileyside, TN 886','43250-','odio','1428'); 

INSERT INTO Factura VALUES
('1117','1987-01-29','3769','18247','18','15'),
('1128','1970-06-26','2826','2596','18','14'),
('1183','1987-10-05','9190','11295','18','17'),
('1260','1971-04-30','1822','2596','18','5'),
('1282','1993-03-13','4287','18132','18','8'),
('1327','2002-01-31','4930','17667','18','13'),
('1350','2002-06-20','9086','32051','18','11'),
('1407','2020-04-27','7139','19909','18','15'),
('1413','2016-09-29','4043','21022','18','17'),
('1450','1995-03-17','9979','15270','18','15'),
('1627','2014-10-19','5829','6608','18','13'),
('1648','2010-08-09','3769','24250','18','17'),
('1668','2009-10-16','2171','9506','18','10'),
('1726','1993-05-08','3525','11240','18','18'),
('1761','1983-06-22','2826','17473','18','19'),
('1862','2004-01-30','1273','28436','18','5'),
('1947','1977-01-31','4130','1428','18','20'),
('1976','1982-08-19','1367','13860','18','5'),
('1983','1979-07-02','7965','31897','18','15'),
('2036','2020-01-03','7897','18797','18','19'),
('2100','2017-06-12','8085','34659','18','17'),
('2131','2012-02-06','9259','19095','18','7'),
('2170','1996-08-24','5328','5746','18','6'),
('2193','2006-12-11','6948','1478','18','5'),
('2223','2018-02-21','2826','34945','18','8'),
('2239','1998-03-30','1326','28851','18','14'),
('2268','2001-07-12','1367','24901','18','19'),
('2288','1987-04-11','2473','17473','18','7'),
('2312','1990-07-18','8273','18247','18','15'),
('2344','1996-06-15','2956','5746','18','5'),
('2393','2013-06-20','1993','3434','18','18'),
('2400','2000-10-04','8071','6006','18','14'),
('2447','1996-06-13','5241','34659','18','8'),
('2499','2008-01-08','1151','16900','18','18'),
('2501','1971-12-29','7307','18797','18','15'),
('2522','2004-09-30','4367','8706','18','13'),
('2676','1977-01-08','9129','1428','18','5'),
('2704','1994-08-24','5241','21361','18','5'),
('2733','2009-12-11','3922','18132','18','11'),
('2821','2017-12-18','1273','19095','18','13'),
('2828','2015-09-30','1273','32051','18','14'),
('2863','1986-07-28','2826','28851','18','13'),
('2939','1995-10-18','2956','1465','18','7'),
('3021','2004-11-24','9259','18797','18','18'),
('3028','1993-11-20','4889','9506','18','12'),
('3059','1981-07-19','7280','10487','18','10'),
('3067','2007-02-07','3663','1465','18','7'),
('3149','2002-07-02','9527','29818','18','6'),
('3208','2019-12-09','9789','5433','18','14'),
('3221','2002-09-27','4131','13787','18','5'),
('3237','1971-05-23','7911','5950','18','15'),
('3278','1980-07-17','3525','19288','18','7'),
('3288','1987-11-25','1822','32051','18','19'),
('3300','1987-11-07','8957','24565','18','19'),
('3392','1998-11-16','3663','10566','18','7'),
('3437','1996-06-12','4616','15697','18','8'),
('3440','1971-08-23','9259','31897','18','6'),
('3498','1987-08-20','6660','24565','18','6'),
('3515','2013-10-22','3128','1428','18','18'),
('3520','2001-09-05','9187','11295','18','18'),
('3523','1983-08-03','1940','19909','18','5'),
('3557','1986-07-01','9527','28851','18','9'),
('3717','1993-06-10','1306','30503','18','18'),
('3770','1983-08-06','9603','6715','18','11'),
('3799','2013-12-30','2956','24565','18','13'),
('3804','1992-01-31','3448','13787','18','16'),
('3838','1993-07-18','3463','19095','18','10'),
('3896','1983-11-14','2288','6608','18','17'),
('3897','1984-07-28','4706','16900','18','5'),
('3930','2014-01-19','2501','5950','18','13'),
('3941','2018-12-14','8028','2429','18','19'),
('3960','2014-04-19','4184','19288','18','12'),
('4015','1992-04-25','1301','3434','18','8'),
('4072','2001-04-06','8085','17473','18','9'),
('4073','1985-03-29','7642','1478','18','10'),
('4082','1988-12-18','3663','21361','18','16'),
('4087','1994-07-15','4637','17667','18','7'),
('4169','1986-08-18','9628','3434','18','20'),
('4199','1980-04-03','9088','18701','18','13'),
('4202','2016-05-21','7943','18247','18','19'),
('4214','2010-08-16','6339','10533','18','17'),
('4216','2015-05-19','8356','3184','18','5'),
('4300','1976-08-05','7986','32603','18','13'),
('4331','1993-06-22','3422','3184','18','9'),
('4454','1988-06-23','9439','30503','18','20'),
('4575','1999-05-25','8028','2986','18','10'),
('4657','2000-05-03','6697','25574','18','6'),
('4707','1984-07-11','1272','24467','18','11'),
('4738','1981-12-18','2352','21361','18','14'),
('4823','2004-01-30','6917','9506','18','17'),
('4899','1980-11-27','8356','11240','18','15'),
('4906','1987-08-11','1940','3434','18','19'),
('4964','2004-06-01','3040','19909','18','16'),
('5016','2005-06-01','5875','19288','18','19'),
('5021','2003-06-26','8534','24901','18','6'),
('5054','2012-02-07','5341','30503','18','16'),
('5068','1975-03-31','8534','16900','18','10'),
('5093','1987-08-10','1504','15270','18','7'),
('5130','2010-04-30','2574','17962','18','8'),
('5181','1971-03-25','4130','19909','18','15'),
('5266','2010-01-06','1273','11240','18','17'),
('5268','2015-08-07','3470','11858','18','9'),
('5277','1996-04-26','2534','24565','18','13'),
('5420','2006-02-10','9190','18132','18','5'),
('5430','2006-03-10','9149','8706','18','17'),
('5452','2014-01-10','8393','2986','18','9'),
('5494','1976-05-17','6634','14119','18','16'),
('5495','1990-11-30','5652','23217','18','8'),
('5507','1973-12-19','2534','19095','18','13'),
('5551','1979-12-19','5204','17159','18','19'),
('5581','1977-04-07','9840','34659','18','13'),
('5608','2008-10-13','5079','4599','18','18'),
('5641','1976-11-22','9552','31354','18','10'),
('5832','1973-11-06','4367','18132','18','20'),
('5853','2000-04-10','8071','21116','18','15'),
('5877','1985-07-05','2501','11240','18','15'),
('5954','2000-11-04','1958','15697','18','14'),
('6009','2010-05-06','7895','24250','18','12'),
('6016','1986-12-12','4930','10487','18','17'),
('6056','1978-02-09','3769','29818','18','19'),
('6068','1990-06-22','9989','6006','18','7'),
('6088','2000-06-12','3463','22435','18','5'),
('6207','1999-02-14','9459','10533','18','16'),
('6268','1973-01-30','9443','28436','18','17'),
('6298','2008-01-17','6060','3434','18','17'),
('6301','1978-11-04','4204','18132','18','12'),
('6354','1978-04-17','7936','2986','18','20'),
('6510','2013-05-30','5491','6715','18','14'),
('6517','1978-02-10','4043','34659','18','16'),
('6525','2015-07-16','5425','17962','18','8'),
('6621','1970-07-28','5328','6163','18','10'),
('6675','1986-04-18','7110','13860','18','8'),
('6716','1976-11-17','4126','24250','18','19'),
('6738','1987-11-16','3422','24467','18','15'),
('6802','1983-12-14','8589','24901','18','13'),
('6823','2003-08-12','4540','31897','18','19'),
('6827','2009-11-18','9262','32603','18','16'),
('6900','1980-06-28','8491','2429','18','5'),
('6903','2007-11-22','6917','5433','18','6'),
('6909','1989-12-11','4540','9506','18','13'),
('6915','1971-12-30','6660','18247','18','20'),
('6950','2006-09-29','9947','28747','18','5'),
('7062','2019-03-16','2855','23217','18','6'),
('7104','1982-12-26','5652','6608','18','15'),
('7266','1979-09-17','5079','28851','18','16'),
('7310','1975-07-28','8534','5746','18','13'),
('7314','2003-07-09','1706','34945','18','8'),
('7346','1970-07-29','8301','1478','18','7'),
('7351','2008-09-26','4250','13787','18','16'),
('7441','1971-11-05','7280','25574','18','12'),
('7476','1977-05-27','3801','1478','18','6'),
('7560','2008-05-02','4930','10566','18','10'),
('7576','1986-04-30','5425','34945','18','15'),
('7694','1997-09-12','4367','1478','18','20'),
('7705','1989-12-26','2171','6163','18','10'),
('7768','2005-04-28','1367','14119','18','16'),
('7769','1976-09-02','6935','19909','18','7'),
('7783','1988-04-02','2951','11858','18','8'),
('7823','1979-10-28','9129','5746','18','8'),
('7904','1978-08-25','4147','17473','18','17'),
('8012','2005-09-28','6060','1465','18','12'),
('8093','2019-11-19','9187','24250','18','13'),
('8103','1992-06-30','7222','28851','18','14'),
('8115','2019-10-17','5425','1465','18','17'),
('8252','2020-01-13','5652','15270','18','16'),
('8266','2001-07-22','5875','14119','18','10'),
('8329','2004-03-07','4616','17667','18','20'),
('8506','1972-05-16','8028','28436','18','14'),
('8596','2020-02-02','4305','5746','18','20'),
('8632','1984-10-26','8775','4599','18','19'),
('8634','1974-10-18','1343','13860','18','20'),
('8646','1978-10-02','2352','21022','18','10'),
('8739','1977-06-15','1958','2881','18','15'),
('8782','2007-07-25','6660','19095','18','17'),
('8818','1986-01-26','8301','17473','18','13'),
('8835','2008-08-18','6697','5950','18','18'),
('8855','1999-09-08','2336','28436','18','14'),
('8899','2014-04-13','5425','6163','18','13'),
('8916','1973-07-26','1504','5746','18','18'),
('8929','1988-05-23','4486','28851','18','8'),
('9058','2020-04-13','5462','4584','18','15'),
('9089','1970-05-23','5189','18701','18','12'),
('9141','2010-11-19','4004','4599','18','8'),
('9188','1984-02-11','8356','28851','18','16'),
('9197','1999-06-21','2956','11240','18','10'),
('9226','1995-11-25','4428','3184','18','5'),
('9264','1977-07-19','1822','24901','18','8'),
('9275','1975-01-19','6481','30663','18','17'),
('9299','2015-02-05','3801','23217','18','13'),
('9365','2004-01-18','8331','30503','18','17'),
('9367','2014-11-15','4367','1478','18','16'),
('9459','1971-02-08','3801','31354','18','19'),
('9467','1990-09-30','1301','5746','18','18'),
('9483','1980-03-19','5346','11295','18','13'),
('9486','1985-11-29','9032','1428','18','10'),
('9548','1981-02-02','4428','6715','18','15'),
('9664','1971-05-17','9227','6608','18','7'),
('9806','2011-12-13','8775','11295','18','14'),
('9810','2004-06-16','4446','17159','18','20'),
('9967','1977-11-30','6481','2881','18','17'); 

INSERT INTO Articulo VALUES
('a','I don\'t take this child away with me,\'.','57.19','34','11'),
('accusamu','Alice, \'and why it is I hate cats and.','129.13','35','14'),
('accusant','White Rabbit blew three blasts on the.','17.58','36','16'),
('ad','As there seemed to be sure, this.','145.65','25','8'),
('alias','I tell you, you coward!\' and at last.','204.45','43','19'),
('aliquid','Alice. The King laid his hand upon her.','201.16','32','9'),
('animi','RED rose-tree, and we put a stop to.','279.53','50','20'),
('architec','The Rabbit Sends in a very little way.','155.46','43','19'),
('at','White Rabbit read out, at the place.','5.86','36','18'),
('aut','I\'ve seen that done,\' thought Alice..','70.01','50','5'),
('autem','Queen had never been so much already,.','25.57','25','18'),
('blanditi','Dinah my dear! I shall see it written.','260.67','11','5'),
('consequa','Alice had never done such a thing.','234.56','35','15'),
('corporis','Gryphon at the door--I do wish I.','157.64','23','17'),
('corrupti','Queen was silent. The King looked.','260.24','35','10'),
('cum','Yet you finished the guinea-pigs!\'.','39.98','43','18'),
('cupidita','Miss, we\'re doing our best, afore she.','199.76','27','15'),
('debitis','Caterpillar and Alice thought she.','91.16','37','8'),
('deleniti','Alice, and she had sat down again in a.','222.58','50','10'),
('distinct','Hatter, \'or you\'ll be telling me next.','238.96','25','14'),
('dolor','I should think it so VERY nearly at.','14.49','32','11'),
('dolore','I do so like that curious song about.','45.29','36','16'),
('dolorem','I know I have dropped them, I wonder?\'.','96.93','39','15'),
('doloremq','Alice thought decidedly uncivil. \'But.','195.74','28','11'),
('ducimus','Five and Seven said nothing, but.','127.55','27','11'),
('ea','NOT marked \'poison,\' it is you hate--C.','166.53','22','16'),
('eligendi','Gryphon. \'The reason is,\' said the.','136.94','29','10'),
('enim','The players all played at once in a.','261.66','20','15'),
('eos','March Hare. \'Exactly so,\' said the.','74.64','12','5'),
('est','Queen left off, quite out of a tree in.','255.67','10','6'),
('et','Hatter, and he hurried off. Alice.','118.43','15','10'),
('exceptur','And the moral of that is, but I can\'t.','4.61','36','5'),
('exercita','Then followed the Knave of Hearts, she.','8.62','39','20'),
('facere','WAS a curious dream!\' said Alice,.','180.35','41','8'),
('fugiat','The first question of course you know.','199.26','32','5'),
('harum','Alice began to feel which way I ought.','173.04','33','9'),
('hic','Mock Turtle repeated thoughtfully. \'I.','72.41','46','5'),
('id','After these came the guests, mostly.','63.15','30','8'),
('impedit','Duchess sang the second verse of the.','22.97','41','12'),
('incidunt','I\'ve got to come yet, please your.','243.16','39','6'),
('ipsa','The Frog-Footman repeated, in the.','237.59','24','5'),
('ipsum','Alice, \'and those twelve creatures,\'.','186.41','22','19'),
('iste','The Mock Turtle to the end of every.','174.80','45','14'),
('laudanti','I!\' said the King, with an M?\' said.','233.62','14','11'),
('maiores','I shall only look up and down looking.','100.52','26','7'),
('modi','ALICE\'S RIGHT FOOT, ESQ. HEARTHRUG,.','180.60','17','5'),
('molestia','Those whom she sentenced were taken.','172.19','46','15'),
('nam','Alice doubtfully: \'it.','138.61','12','10'),
('nesciunt','Off with his nose Trims his belt and.','38.10','22','5'),
('nihil','Alice; \'only, as it\'s asleep, I.','269.58','18','19'),
('non','Pennyworth only of beautiful Soup?.','68.14','44','20'),
('numquam','She was a little feeble, squeaking.','192.03','22','6'),
('officia','At last the Gryphon said to one of.','153.46','40','12'),
('omnis','I must have been that,\' said the.','207.02','13','6'),
('pariatur','King. Here one of the Queen put on her.','193.96','35','20'),
('porro','Gryphon, and all her knowledge of.','48.28','46','8'),
('praesent','First, because I\'m on the slate..','109.05','45','17'),
('quaerat','He only does it matter to me whether.','262.98','43','12'),
('qui','Alice, rather alarmed at the top of.','120.89','10','19'),
('quia','This was such a capital one for.','179.55','18','11'),
('quidem','Edwin and Morcar, the earls of Mercia.','184.11','28','14'),
('quis','Mock Turtle. \'No, no! The adventures.','221.25','34','9'),
('quos','I can guess that,\' she added in a very.','258.34','11','17'),
('ratione','Alice thought this must ever be A.','223.02','20','10'),
('rem','Hatter with a melancholy air, and,.','135.61','16','17'),
('repellen','WHAT?\' said the King. \'When did you do.','274.17','45','7'),
('rerum','Duchess, \'and that\'s the jury, who.','142.36','44','20'),
('sed','As soon as she stood looking at it.','57.38','38','18'),
('similiqu','Alice. \'I don\'t know much,\' said.','100.26','23','18'),
('sit','CHAPTER III. A Caucus-Race and a large.','185.07','12','20'),
('tempora','Alice had been anxiously looking.','213.39','44','15'),
('tenetur','And the executioner myself,\' said the.','257.55','15','18'),
('ullam','Rabbit asked. \'No, I didn\'t,\' said.','261.68','21','15'),
('ut','Queen, turning purple. \'I won\'t!\' said.','280.37','46','13'),
('veritati','Alice. \'And ever since that,\' the.','149.75','39','6'),
('vero','This sounded promising, certainly:.','125.88','15','20'),
('voluptas','Alice did not much surprised at this,.','45.71','13','13'),
('voluptat','Alice, very loudly and decidedly, and.','47.95','12','15'); 

INSERT INTO LineasFac VALUES
('1117','49','8','a','11.24','36'),
('1128','112','7','accusamu','283.37','10'),
('1183','170','1','accusant','107.01','44'),
('1260','183','10','ad','204.11','21'),
('1282','158','3','alias','223.65','36'),
('1327','55','8','aliquid','99.57','11'),
('1350','134','2','animi','254.38','14'),
('1407','95','3','architec','286.92','44'),
('1413','106','5','at','211.44','24'),
('1450','65','3','aut','182.74','36'),
('1627','192','12','autem','181.49','25'),
('1648','43','3','blanditi','183.54','18'),
('1668','38','14','consequa','286.70','47'),
('1726','14','4','corporis','221.94','18'),
('1761','115','7','corrupti','201.17','18'),
('1862','30','5','cum','128.96','38'),
('1947','83','4','cupidita','197.63','27'),
('1976','22','11','debitis','97.72','11'),
('1983','153','10','deleniti','272.60','12'),
('2036','13','14','distinct','128.42','15'),
('2100','25','7','dolor','53.61','11'),
('2131','79','10','dolore','101.64','14'),
('2170','73','2','dolorem','55.45','35'),
('2193','68','12','doloremq','278.42','35'),
('2223','195','8','ducimus','260.97','37'),
('2239','19','10','ea','161.79','37'),
('2268','80','12','eligendi','33.92','23'),
('2288','182','11','enim','129.92','16'),
('2312','136','10','eos','48.73','32'),
('2344','180','12','est','95.18','44'),
('2393','59','14','et','32.81','18'),
('2400','66','5','exceptur','22.39','16'),
('2447','92','5','exercita','149.80','12'),
('2499','159','8','facere','243.90','11'),
('2501','114','9','fugiat','111.86','40'),
('2522','189','12','harum','209.57','20'),
('2676','176','1','hic','202.05','28'),
('2704','46','11','id','86.89','17'),
('2733','54','5','impedit','88.90','20'),
('2821','125','2','incidunt','252.31','10'),
('2828','60','15','ipsa','140.56','24'),
('2863','148','14','ipsum','278.91','35'),
('2939','177','4','iste','218.14','10'),
('3021','28','11','laudanti','289.34','25'),
('3028','124','14','maiores','289.66','38'),
('3059','129','9','modi','197.26','41'),
('3067','76','2','molestia','88.04','42'),
('3149','50','3','nam','219.58','27'),
('3208','1','2','nesciunt','224.35','36'),
('3221','169','11','nihil','57.72','45'),
('3237','98','11','non','292.78','15'),
('3278','24','13','numquam','136.16','25'),
('3288','117','3','officia','249.81','47'),
('3300','20','15','omnis','99.65','40'),
('3392','11','7','pariatur','48.55','29'),
('3437','156','1','porro','289.22','45'),
('3440','2','14','praesent','12.98','27'),
('3498','168','2','quaerat','60.04','37'),
('3515','157','3','qui','196.61','50'),
('3520','10','3','quia','166.99','49'),
('3523','35','7','quidem','291.93','32'),
('3557','12','6','quis','278.54','16'),
('3717','108','4','quos','49.02','46'),
('3770','133','3','ratione','188.01','35'),
('3799','15','5','rem','2.54','18'),
('3804','72','13','repellen','83.48','31'),
('3838','162','1','rerum','85.79','43'),
('3896','144','8','sed','239.53','14'),
('3897','175','4','similiqu','96.76','36'),
('3930','174','9','sit','244.87','17'),
('3941','122','11','tempora','87.19','31'),
('3960','34','11','tenetur','108.85','24'),
('4015','71','7','ullam','4.59','18'),
('4072','42','5','ut','98.03','36'),
('4073','6','11','veritati','90.27','38'),
('4082','147','6','vero','46.38','14'),
('4087','149','1','voluptas','270.29','31'),
('4169','186','13','voluptat','239.86','25'),
('4199','32','1','a','92.67','20'),
('4202','123','10','accusamu','196.49','31'),
('4214','63','10','accusant','93.90','43'),
('4216','3','8','ad','251.14','15'),
('4300','99','12','alias','265.13','40'),
('4331','97','2','aliquid','173.51','17'),
('4454','197','15','animi','14.99','38'),
('4575','75','10','architec','98.17','49'),
('4657','48','1','at','267.61','40'),
('4707','118','5','aut','148.10','50'),
('4738','93','11','autem','257.94','30'),
('4823','138','1','blanditi','11.55','42'),
('4899','146','8','consequa','268.31','20'),
('4906','110','7','corporis','166.07','24'),
('4964','86','13','corrupti','261.68','13'),
('5016','194','10','cum','124.47','12'),
('5021','5','13','cupidita','17.35','22'),
('5054','17','1','debitis','36.05','28'),
('5068','116','13','deleniti','206.09','26'),
('5093','104','7','distinct','85.36','17'),
('5130','179','11','dolor','10.42','47'),
('5181','51','5','dolore','236.18','29'),
('5266','4','2','dolorem','274.46','34'),
('5268','47','9','doloremq','265.48','39'),
('5277','128','7','ducimus','284.57','44'),
('5420','140','4','ea','194.74','29'),
('5430','7','4','eligendi','189.63','17'),
('5452','52','2','enim','263.20','18'),
('5494','160','7','eos','228.87','30'),
('5495','67','4','est','142.43','46'),
('5507','166','2','et','156.31','50'),
('5551','9','12','exceptur','184.28','27'),
('5581','74','9','exercita','75.54','41'),
('5608','45','8','facere','110.36','34'),
('5641','111','4','fugiat','229.08','16'),
('5832','163','6','harum','5.21','30'),
('5853','27','4','hic','22.79','22'),
('5877','131','8','id','219.98','34'),
('5954','44','11','impedit','137.34','34'),
('6009','53','1','incidunt','82.19','48'),
('6016','101','11','ipsa','247.60','11'),
('6056','37','7','ipsum','182.21','37'),
('6068','155','13','iste','231.34','17'),
('6088','29','3','laudanti','223.77','27'),
('6207','103','10','maiores','44.74','10'),
('6268','119','6','modi','66.83','50'),
('6298','184','2','molestia','104.80','26'),
('6301','150','15','nam','281.65','35'),
('6354','16','4','nesciunt','88.28','17'),
('6510','88','12','nihil','59.74','16'),
('6517','181','6','non','177.27','35'),
('6525','58','14','numquam','248.77','11'),
('6621','39','1','officia','87.75','37'),
('6675','139','7','omnis','24.63','41'),
('6716','198','12','pariatur','251.74','13'),
('6738','161','14','porro','105.21','50'),
('6802','132','2','praesent','89.43','21'),
('6823','18','5','quaerat','146.38','19'),
('6827','107','14','qui','222.00','19'),
('6900','113','9','quia','293.79','10'),
('6903','78','7','quidem','254.49','27'),
('6909','185','5','quis','154.81','12'),
('6915','31','13','quos','246.47','24'),
('6950','62','14','ratione','32.35','50'),
('7062','142','5','rem','93.09','37'),
('7104','84','5','repellen','196.41','13'),
('7266','69','3','rerum','2.80','42'),
('7310','90','1','sed','183.02','26'),
('7314','191','8','similiqu','120.31','14'),
('7346','89','11','sit','10.67','24'),
('7351','190','11','tempora','195.52','18'),
('7441','165','13','tenetur','146.91','22'),
('7476','172','14','ullam','228.46','35'),
('7560','77','15','ut','32.27','41'),
('7576','135','12','veritati','213.98','14'),
('7694','154','12','vero','40.24','12'),
('7705','193','12','voluptas','103.39','49'),
('7768','171','13','voluptat','95.49','17'),
('7769','102','5','a','202.54','50'),
('7783','187','1','accusamu','4.21','28'),
('7823','196','5','accusant','79.58','40'),
('7904','100','3','ad','19.00','24'),
('8012','81','13','alias','165.72','36'),
('8093','33','13','aliquid','275.67','12'),
('8103','167','1','animi','204.47','20'),
('8115','137','8','architec','39.78','27'),
('8252','70','9','at','97.23','24'),
('8266','188','6','aut','200.64','21'),
('8329','127','13','autem','179.90','44'),
('8506','36','8','blanditi','143.62','32'),
('8596','121','6','consequa','245.10','19'),
('8632','178','9','corporis','99.55','14'),
('8634','8','3','corrupti','106.13','38'),
('8646','61','6','cum','225.91','33'),
('8739','23','9','cupidita','41.67','37'),
('8782','143','5','debitis','107.00','30'),
('8818','21','5','deleniti','211.64','42'),
('8835','56','3','distinct','97.38','31'),
('8855','40','15','dolor','128.00','29'),
('8899','85','9','dolore','179.71','19'),
('8916','64','12','dolorem','22.81','13'),
('8929','199','5','doloremq','213.54','38'),
('9058','200','11','ducimus','153.34','38'),
('9089','141','13','ea','46.77','15'),
('9141','26','14','eligendi','15.72','42'),
('9188','109','10','enim','226.62','47'),
('9197','82','15','eos','239.65','33'),
('9226','91','11','est','224.16','35'),
('9264','41','14','et','59.30','50'),
('9275','173','8','exceptur','214.73','29'),
('9299','145','7','exercita','214.36','39'),
('9365','87','13','facere','200.76','17'),
('9367','57','1','fugiat','78.34','31'),
('9459','105','3','harum','134.67','34'),
('9467','120','5','hic','95.55','43'),
('9483','130','12','id','31.08','22'),
('9486','126','13','impedit','291.91','43'),
('9548','151','8','incidunt','294.87','18'),
('9664','164','9','ipsa','166.39','12'),
('9806','152','1','ipsum','134.00','20'),
('9810','96','9','iste','239.75','18'),
('9967','94','2','laudanti','62.25','49'); 